Park Code,Connected Park Code
GLBA,BLCA
DENA,CANY
GAAR,THRO
KATM,THRO
KEFJ,WRST
KOVA,SEKI
LACL,BRCA
WRST,ISRO
HOSP,MORA
GRCA,KEFJ
PEFO,GRBA
SAGU,DENA
SEKI,BISC
YOSE,CRLA
LAVO,HOSP
REDW,CANY
CHIS,BADL
JOTR,YOSE
DEVA,VOYA
PINN,DENA
MEVE,BADL
ROMO,LACL
BLCA,GAAR
GRSA,DRTO
EVER,HOSP
BISC,DENA
DRTO,REDW
HAVO,OLYM
HALE,ACAD
MACA,EVER
ACAD,WRST
ISRO,CARE
VOYA,CUVA
GLAC,CUVA
THRO,CONG
CAVE,BRCA
GRBA,PINN
CUVA,REDW
CRLA,BRCA
CONG,GLAC
WICA,BISC
BADL,GRTE
GRSM,LAVO
GUMO,WICA
BIBE,ROMO
ZION,GRBA
BRCA,SHEN
CANY,THRO
ARCH,BIBE
CARE,GRBA
SHEN,DEVA
MORA,JOTR
OLYM,HOSP
NOCA,WRST
YELL,CHIS
GRTE,LACL
YELL,ARCH
ARCH,KATM
KATM,GLBA
MEVE,GRSM
CAVE,MACA
KOVA,GRCA
HALE,NOCA
NOCA,ZION
SAGU,GRSA
CARE,ZION
HAVO,LAVO
GRCA,PINN